1,Miss
2,Master
3,Miss
4,Mr
5,Mrs
6,Mr
7,Miss
8,Mr
9,Mrs
10,Mr
11,Col
12,Mrs
13,Mme
14,Miss
15,Mr
16,Mr
17,Mr
18,Mrs
19,Miss
20,Mr
21,Mr
22,Mrs
23,Mr
24,Miss
25,Miss
26,Mr
27,Mr
28,Mrs
29,Miss
30,Mr
31,Mr
32,Mr
33,Miss
34,Miss
35,Mr
36,Miss
37,Miss
38,Mr
39,Mr
40,Mr
41,Dr
42,Mrs
43,Mrs
44,Mrs
45,Miss
46,Major
47,Mr
48,Mr
49,Mrs
50,Mr
51,Mrs
52,Mr
53,Mr
54,Mr
55,Master
56,Miss
57,Mr
58,Mrs
59,Mr
60,Mrs
61,Mr
62,Mrs
63,Mr
64,Mrs
65,Mr
66,Mrs
67,Miss
68,Miss
69,Mr
70,Mrs
71,Mr
72,Mr
73,Mrs
74,Miss
75,Mr
76,Mr
77,Miss
78,Mr
79,Mrs
80,Mrs
81,Mr
82,Capt
83,Miss
84,Mrs
85,Mr
86,Mrs
87,Mr
88,Mr
89,Miss
90,Mr
91,Mrs
92,Mr
93,Mrs
94,Dr
95,Master
96,Mrs
97,Mr
98,Mrs
99,Mrs
100,Lady
101,Sir
102,Mr
103,Mrs
104,Miss
105,Miss
106,Miss
107,Mr
108,Mrs
109,Miss
110,Mr
111,Mr
112,Miss
113,Miss
114,Miss
115,Mr
116,Mr
117,Mrs
118,Miss
119,Mr
120,Dr
121,Mr
122,Mrs
123,Miss
124,Mr
125,Mrs
126,Mr
127,Mr
128,Mrs
129,Mr
130,Miss
131,Miss
132,Mrs
133,Mr
134,Mr
135,Mrs
136,Mr
137,Col
138,Miss
139,Mr
140,Mrs
141,Mr
142,Mrs
143,Mr
144,Mr
145,Mrs
146,Mr
147,Mrs
148,Mr
149,Mr
150,Mrs
151,Mr
152,Mr
153,Mr
154,Miss
155,Mr
156,Mrs
157,Mr
158,Mr
159,Mr
160,Miss
161,Mrs
162,Mrs
163,Mr
164,Mrs
165,Mr
166,Mr
167,Mr
168,Mrs
169,Miss
170,Miss
171,Mr
172,Mr
173,Mr
174,Mr
175,Mr
176,Mr
177,Mrs
178,Mr
179,Mrs
180,Mr
181,Miss
182,Dr
183,Miss
184,Mr
185,Mr
186,Mr
187,Mrs
188,Miss
189,Mrs
190,Mr
191,Miss
192,Mr
193,Miss
194,Miss
195,Mr
196,Miss
197,Mr
198,Mr
199,Mrs
200,Mlle
201,Mr
202,Mr
203,Mr
204,Mr
205,Mrs
206,Mr
207,Dr
208,Miss
209,Mrs
210,Mr
211,Mr
212,Mr
213,Mr
214,Miss
215,Miss
216,Mr
217,Miss
218,Mr
219,Dona
220,Mr
221,Miss
222,Mr
223,Mr
224,Mr
225,Mr
226,Mr
227,Mr
228,Mrs
229,Mr
230,Mrs
231,Miss
232,Major
233,Mr
234,Mrs
235,Jonkheer
236,Mr
237,Mr
238,Mr
239,Mrs
240,Mr
241,Mr
242,Mr
243,Miss
244,Mr
245,Mr
246,Countess
247,Mr
248,Mrs
249,Mr
250,Master
251,Miss
252,Miss
253,Mr
254,Mrs
255,Mr
256,Mlle
257,Mr
258,Mrs
259,Miss
260,Mr
261,Miss
262,Mr
263,Mr
264,Mrs
265,Col
266,Mr
267,Mr
268,Mr
269,Mr
270,Mr
271,Mrs
272,Mr
273,Mrs
274,Master
275,Mr
276,Mrs
277,Mr
278,Mrs
279,Dr
280,Mr
281,Mr
282,Mrs
283,Mrs
284,Mr
285,Mrs
286,Mr
287,Mrs
288,Mr
289,Mrs
290,Miss
291,Mr
292,Mrs
293,Mr
294,Mrs
295,Mr
296,Mr
297,Mrs
298,Mrs
299,Mr
300,Don
301,Mr
302,Mr
303,Miss
304,Mr
305,Mrs
306,Col
307,Mr
308,Mr
309,Mrs
310,Miss
311,Mr
312,Mrs
313,Mr
314,Mr
315,Mrs
316,Miss
317,Mr
318,Mr
319,Mr
320,Miss
321,Mr
322,Mr
323,Miss
324,Mr
325,Mrs
326,Mr
327,Mr
328,Mr
329,Mr
330,Mrs
331,Mr
332,Mr
333,Mr
334,Mrs
335,Mr
336,Rev
337,Mr
338,Mrs
339,Mr
340,Master
341,Miss
342,Miss
343,Mrs
344,Mr
345,Miss
346,Mr
347,Mr
348,Mr
349,Mr
350,Miss
351,Miss
352,Mr
353,Mrs
354,Miss
355,Mr
356,Miss
357,Mr
358,Rev
359,Mrs
360,Master
361,Mr
362,Mrs
363,Miss
364,Mr
365,Mr
366,Mrs
367,Rev
368,Mr
369,Mr
370,Mrs
371,Miss
372,Mrs
373,Mr
374,Mrs
375,Mr
376,Mr
377,Mr
378,Miss
379,Mr
380,Mrs
381,Mrs
382,Mrs
383,Mrs
384,Mr
385,Mr
386,Master
387,Mr
388,Mrs
389,Miss
390,Mr
391,Mr
392,Mr
393,Mrs
394,Mr
395,Mr
396,Miss
397,Mrs
398,Mr
399,Master
400,Mr
401,Mrs
402,Miss
403,Miss
404,Mr
405,Mr
406,Mr
407,Mr
408,Mrs
409,Mr
410,Mr
411,Mr
412,Miss
413,Mr
414,Mr
415,Mr
416,Miss
417,Mr
418,Mr
419,Mr
420,Mr
421,Mr
422,Mr
423,Mr
424,Mr
425,Mr
426,Mr
427,Mr
428,Master
429,Mrs
430,Mr
431,Miss
432,Rev
433,Mr
434,Mr
435,Miss
436,Mr
437,Mrs
438,Miss
439,Miss
440,Mr
441,Mrs
442,Mrs
443,Mr
444,Mr
445,Mr
446,Miss
447,Miss
448,Mr
449,Mr
450,Mrs
451,Mr
452,Mr
453,Mrs
454,Mr
455,Mr
456,Mr
457,Mrs
458,Mr
459,Miss
460,Mr
461,Mrs
462,Mr
463,Mr
464,Mr
465,Mr
466,Mrs
467,Mr
468,Mrs
469,Mrs
470,Miss
471,Mr
472,Mrs
473,Rev
474,Mr
475,Mr
476,Mrs
477,Rev
478,Mr
479,Miss
480,Miss
481,Mr
482,Mrs
483,Miss
484,Miss
485,Mrs
486,Mr
487,Mr
488,Mr
489,Mr
490,Mrs
491,Mrs
492,Mr
493,Master
494,Mr
495,Mrs
496,Mr
497,Mr
498,Mr
499,Mr
500,Mr
501,Mr
502,Miss
503,Mrs
504,Mr
505,Mr
506,Mr
507,Mr
508,Rev
509,Dr
510,Mr
511,Mr
512,Mr
513,Mr
514,Mrs
515,Master
516,Master
517,Mr
518,Mr
519,Mr
520,Mr
521,Mr
522,Mrs
523,Mr
524,Mr
525,Mr
526,Dr
527,Mr
528,Mr
529,Mr
530,Mrs
531,Mr
532,Mr
533,Rev
534,Miss
535,Miss
536,Mr
537,Mrs
538,Mr
539,Mr
540,Mr
541,Miss
542,Miss
543,Mrs
544,Mr
545,Mr
546,Mrs
547,Ms
548,Mr
549,Master
550,Master
551,Mrs
552,Miss
553,Mr
554,Miss
555,Mr
556,Mr
557,Mr
558,Mrs
559,Miss
560,Miss
561,Miss
562,Mr
563,Miss
564,Mr
565,Miss
566,Mr
567,Mr
568,Mr
569,Mr
570,Mr
571,Miss
572,Mr
573,Mrs
574,Miss
575,Mr
576,Mrs
577,Mr
578,Miss
579,Mr
580,Mr
581,Mrs
582,Mr
583,Miss
584,Mrs
585,Miss
586,Mr
587,Mrs
588,Master
589,Miss
590,Mrs
591,Miss
592,Miss
593,Mr
594,Mrs
595,Mr
596,Mr
597,Mr
598,Mr
599,Miss
600,Miss
601,Mr
602,Master
603,Mr
604,Mrs
605,Miss
606,Mr
607,Mr
608,Mrs
609,Mr
610,Mr
611,Mrs
612,Master
613,Mrs
614,Mr
615,Mr
616,Mr
617,Mr
618,Mr
619,Mr
620,Mr
621,Mr
622,Miss
623,Master
624,Miss
625,Miss
626,Miss
627,Miss
628,Miss
629,Miss
630,Mr
631,Mr
632,Mr
633,Mrs
634,Mr
635,Mr
636,Mr
637,Mrs
638,Mr
639,Mr
640,Master
641,Master
642,Master
643,Master
644,Miss
645,Mr
646,Mr
647,Mrs
648,Mrs
649,Mr
650,Mr
651,Miss
652,Mr
653,Mr
654,Miss
655,Mr
656,Mr
657,Mrs
658,Miss
659,Miss
660,Miss
661,Mrs
662,Miss
663,Mr
664,Mr
665,Mr
666,Miss
667,Mrs
668,Miss
669,Mr
670,Mr
671,Mr
672,Mr
673,Master
674,Mr
675,Mr
676,Mr
677,Mr
678,Mr
679,Master
680,Miss
681,Mr
682,Mrs
683,Miss
684,Mr
685,Mrs
686,Mr
687,Miss
688,Miss
689,Mr
690,Mr
691,Mr
692,Mr
693,Miss
694,Mr
695,Mr
696,Miss
697,Miss
698,Miss
699,Mr
700,Mr
701,Mr
702,Mr
703,Miss
704,Mr
705,Mr
706,Mr
707,Mrs
708,Mr
709,Mr
710,Miss
711,Miss
712,Mr
713,Mr
714,Mr
715,Mr
716,Mr
717,Mr
718,Mr
719,Mr
720,Mr
721,Mr
722,Mr
723,Mr
724,Mr
725,Mr
726,Miss
727,Miss
728,Mr
729,Mr
730,Mr
731,Mr
732,Mr
733,Mr
734,Master
735,Master
736,Mrs
737,Mr
738,Mr
739,Miss
740,Mr
741,Mr
742,Mr
743,Mr
744,Miss
745,Mr
746,Miss
747,Mr
748,Master
749,Mr
750,Mrs
751,Mr
752,Mr
753,Mr
754,Mr
755,Mr
756,Mr
757,Mr
758,Mrs
759,Mr
760,Mrs
761,Mr
762,Mr
763,Master
764,Miss
765,Mr
766,Mrs
767,Mr
768,Mr
769,Mr
770,Mr
771,Mr
772,Miss
773,Mr
774,Mr
775,Mr
776,Mr
777,Mr
778,Mr
779,Miss
780,Miss
781,Miss
782,Mr
783,Mr
784,Mr
785,Mr
786,Mrs
787,Mr
788,Mr
789,Mr
790,Mr
791,Mr
792,Mr
793,Mr
794,Mr
795,Miss
796,Mr
797,Mr
798,Mr
799,Mr
800,Mr
801,Miss
802,Mr
803,Mr
804,Mr
805,Mr
806,Mr
807,Miss
808,Miss
809,Mr
810,Mr
811,Mr
812,Mrs
813,Mr
814,Mr
815,Mr
816,Mr
817,Mr
818,Mr
819,Miss
820,Miss
821,Master
822,Mr
823,Mr
824,Mrs
825,Mr
826,Master
827,Master
828,Master
829,Miss
830,Miss
831,Mr
832,Mr
833,Mrs
834,Mr
835,Mr
836,Mr
837,Mr
838,Mr
839,Mr
840,Mr
841,Miss
842,Miss
843,Mr
844,Mr
845,Mr
846,Mrs
847,Mr
848,Mr
849,Mr
850,Mr
851,Mr
852,Mrs
853,Miss
854,Mr
855,Mr
856,Mr
857,Miss
858,Mr
859,Mr
860,Miss
861,Miss
862,Miss
863,Miss
864,Mr
865,Miss
866,Miss
867,Miss
868,Mrs
869,Mr
870,Mr
871,Miss
872,Mr
873,Miss
874,Mr
875,Mr
876,Mr
877,Mr
878,Miss
879,Miss
880,Mr
881,Mr
882,Mr
883,Mr
884,Mr
885,Mr
886,Mr
887,Miss
888,Mr
889,Mr
890,Mr
891,Mr
892,Mr
893,Mr
894,Mr
895,Master
896,Miss
897,Mr
898,Mr
899,Mr
900,Mrs
901,Master
902,Miss
903,Mr
904,Mrs
905,Mr
906,Mr
907,Mr
908,Miss
909,Miss
910,Mr
911,Mr
912,Mr
913,Mr
914,Mr
915,Mr
916,Mr
917,Miss
918,Mr
919,Mr
920,Mr
921,Mr
922,Mr
923,Miss
924,Miss
925,Mr
926,Mr
927,Mr
928,Mr
929,Mrs
930,Mr
931,Mr
932,Mr
933,Miss
934,Mr
935,Miss
936,Mr
937,Mrs
938,Miss
939,Mr
940,Mrs
941,Mr
942,Mr
943,Mr
944,Miss
945,Mr
946,Mr
947,Mr
948,Miss
949,Mr
950,Mr
951,Mr
952,Mr
953,Mr
954,Mr
955,Master
956,Miss
957,Miss
958,Miss
959,Mrs
960,Mr
961,Mr
962,Miss
963,Mr
964,Mr
965,Mr
966,Mr
967,Miss
968,Miss
969,Mr
970,Mrs
971,Mr
972,Mr
973,Mr
974,Mr
975,Mr
976,Mrs
977,Mr
978,Mr
979,Mr
980,Mr
981,Miss
982,Mr
983,Mr
984,Mr
985,Miss
986,Mr
987,Mr
988,Miss
989,Mr
990,Mr
991,Mr
992,Mr
993,Miss
994,Miss
995,Mr
996,Mr
997,Mr
998,Mrs
999,Mr
1000,Miss
1001,Mr
1002,Miss
1003,Miss
1004,Mr
1005,Miss
1006,Mr
1007,Miss
1008,Miss
1009,Miss
1010,Mr
1011,Mr
1012,Mrs
1013,Miss
1014,Miss
1015,Mrs
1016,Mr
1017,Mr
1018,Mr
1019,Mr
1020,Mr
1021,Mr
1022,Mr
1023,Mr
1024,Miss
1025,Mr
1026,Master
1027,Mrs
1028,Mr
1029,Miss
1030,Mr
1031,Mr
1032,Mr
1033,Mr
1034,Mr
1035,Master
1036,Master
1037,Mrs
1038,Mrs
1039,Mr
1040,Miss
1041,Miss
1042,Mr
1043,Miss
1044,Miss
1045,Miss
1046,Mr
1047,Mr
1048,Miss
1049,Miss
1050,Mr
1051,Mrs
1052,Mr
1053,Mr
1054,Mr
1055,Miss
1056,Mr
1057,Master
1058,Miss
1059,Miss
1060,Mr
1061,Miss
1062,Miss
1063,Mr
1064,Mr
1065,Mr
1066,Mr
1067,Mr
1068,Miss
1069,Mr
1070,Mr
1071,Mr
1072,Mrs
1073,Mr
1074,Mr
1075,Mr
1076,Mr
1077,Ms
1078,Miss
1079,Miss
1080,Miss
1081,Mr
1082,Miss
1083,Master
1084,Mr
1085,Mr
1086,Mr
1087,Miss
1088,Mr
1089,Mr
1090,Mr
1091,Miss
1092,Miss
1093,Mr
1094,Mr
1095,Mrs
1096,Miss
1097,Master
1098,Master
1099,Miss
1100,Miss
1101,Mrs
1102,Master
1103,Master
1104,Master
1105,Mr
1106,Mr
1107,Mrs
1108,Mr
1109,Mr
1110,Mr
1111,Mr
1112,Master
1113,Miss
1114,Mrs
1115,Mr
1116,Mr
1117,Mr
1118,Mr
1119,Mr
1120,Mr
1121,Mr
1122,Master
1123,Miss
1124,Mrs
1125,Miss
1126,Mr
1127,Miss
1128,Mr
1129,Mr
1130,Mr
1131,Miss
1132,Mr
1133,Mr
1134,Mr
1135,Mr
1136,Mr
1137,Mrs
1138,Mr
1139,Mr
1140,Mr
1141,Mr
1142,Master
1143,Master
1144,Master
1145,Master
1146,Master
1147,Mrs
1148,Miss
1149,Mr
1150,Miss
1151,Mr
1152,Mrs
1153,Mr
1154,Mrs
1155,Mr
1156,Mr
1157,Miss
1158,Mr
1159,Mrs
1160,Miss
1161,Mr
1162,Mr
1163,Mr
1164,Mr
1165,Mr
1166,Mr
1167,Mr
1168,Mr
1169,Mr
1170,Mr
1171,Master
1172,Master
1173,Miss
1174,Miss
1175,Miss
1176,Miss
1177,Mr
1178,Mr
1179,Mr
1180,Mr
1181,Mrs
1182,Mr
1183,Miss
1184,Mr
1185,Mr
1186,Mr
1187,Mr
1188,Miss
1189,Mrs
1190,Miss
1191,Mr
1192,Mr
1193,Mr
1194,Mr
1195,Mr
1196,Mr
1197,Mr
1198,Mr
1199,Miss
1200,Mr
1201,Mr
1202,Mr
1203,Mr
1204,Mr
1205,Mr
1206,Miss
1207,Master
1208,Master
1209,Miss
1210,Miss
1211,Mr
1212,Mrs
1213,Mr
1214,Mr
1215,Mr
1216,Mr
1217,Miss
1218,Mr
1219,Mr
1220,Mr
1221,Mr
1222,Mr
1223,Mr
1224,Miss
1225,Mr
1226,Mr
1227,Mr
1228,Miss
1229,Mr
1230,Mr
1231,Miss
1232,Mrs
1233,Mr
1234,Mr
1235,Mr
1236,Mr
1237,Mr
1238,Mr
1239,Mr
1240,Mr
1241,Master
1242,Mr
1243,Mr
1244,Mr
1245,Mrs
1246,Mr
1247,Mr
1248,Mrs
1249,Mr
1250,Mr
1251,Mr
1252,Mr
1253,Mr
1254,Mr
1255,Mr
1256,Mr
1257,Master
1258,Miss
1259,Mrs
1260,Mr
1261,Miss
1262,Mrs
1263,Master
1264,Master
1265,Mr
1266,Miss
1267,Mr
1268,Mrs
1269,Mr
1270,Mr
1271,Mr
1272,Mr
1273,Mr
1274,Miss
1275,Mr
1276,Mr
1277,Mrs
1278,Mr
1279,Mr
1280,Miss
1281,Mr
1282,Mr
1283,Mr
1284,Mr
1285,Mr
1286,Mr
1287,Mrs
1288,Mr
1289,Mr
1290,Mr
1291,Mrs
1292,Mr
1293,Mr
1294,Mr
1295,Mr
1296,Mr
1297,Mr
1298,Mr
1299,Mr
1300,Mr
1301,Mrs
1302,Mr
1303,Mr
1304,Mr
1305,Miss
1306,Miss
1307,Mr
1308,Mr
1309,Mr
